Rk,Player,Nation,Pos,Squad,Comp,Age,Born,90s,GA,PKA,FK,CK,OG,PSxG,PSxG/SoT,PSxG+/-,/90,Cmp,Att,Cmp%,Att,Thr,Launch%,AvgLen,Att,Launch%,AvgLen,Opp,Stp,Stp%,#OPA,#OPA/90,AvgDist,Matches,-9999
1,Julen Agirrezabala,es ESP,GK,Athletic Club,es La Liga,20,2000,4.0,1.25,0.00,0.00,0.00,0.00,1.25,0.27,0.00,0.00,3.25,7.75,41.9,14.0,3.00,33.9,33.1,6.50,46.2,36.0,12.0,0.25,2.1,1.50,1.50,17.5,Matches,a2c1a8d3
2,Doğan Alemdar,tr TUR,GK,Rennes,fr Ligue 1,18,2002,12.0,1.08,0.08,0.00,0.08,0.00,1.03,0.29,-0.06,-0.06,4.50,12.3,36.7,26.8,4.50,27.4,30.3,5.83,84.3,54.9,12.2,0.67,5.5,2.00,2.00,19.1,Matches,9e17ccff
3,Alisson,br BRA,GK,Liverpool,eng Premier League,28,1992,36.0,0.67,0.00,0.00,0.08,0.03,0.68,0.25,0.04,+0.04,3.17,7.17,44.2,33.8,5.86,16.5,26.3,4.78,33.1,33.4,9.44,0.61,6.5,2.47,2.47,18.7,Matches,7a2e46a8
4,Alphonse Areola,fr FRA,GK,West Ham,eng Premier League,28,1993,1.0,1.00,0.00,0.00,0.00,0.00,1.20,0.39,0.20,+0.17,9.00,28.0,32.1,26.0,3.00,69.2,46.3,14.0,71.4,48.5,15.0,1.00,6.7,0.00,0.00,5.5,Matches,2f965a72
5,Kepa Arrizabalaga,es ESP,GK,Chelsea,eng Premier League,26,1994,4.0,0.50,0.00,0.00,0.25,0.00,0.80,0.25,0.30,+0.30,2.00,7.25,27.6,29.3,7.25,19.7,26.4,5.25,28.6,27.6,11.0,0.50,4.5,2.00,2.00,18.8,Matches,28d596a0
6,Sergio Asenjo,es ESP,GK,Villarreal,es La Liga,32,1989,6.0,1.50,0.17,0.00,0.17,0.00,1.48,0.28,-0.02,-0.01,2.50,8.67,28.8,28.3,6.33,21.2,28.0,9.33,28.6,32.2,17.5,0.50,2.9,2.33,2.33,16.8,Matches,9f0ea33f
7,Emil Audero,it ITA,GK,Sampdoria,it Serie A,24,1997,28.4,1.69,0.04,0.04,0.14,0.04,1.52,0.32,-0.14,-0.14,7.15,16.6,43.0,27.7,4.23,41.7,36.3,7.46,67.9,47.6,14.7,0.77,5.3,0.88,0.88,13.5,Matches,649b01d8
8,Daniel Bachmann,at AUT,GK,Watford,eng Premier League,27,1994,12.0,2.33,0.25,0.08,0.25,0.17,1.93,0.30,-0.23,-0.23,5.92,17.3,34.3,22.9,3.92,53.8,40.9,7.25,67.8,47.8,15.6,0.58,3.7,1.00,1.00,16.1,Matches,1c0eea98
9,Édgar Badía,es ESP,GK,Elche,es La Liga,29,1992,24.0,1.46,0.29,0.00,0.21,0.00,1.55,0.26,0.10,+0.10,7.58,17.0,44.6,25.8,4.42,41.9,36.1,8.75,71.0,49.2,16.6,0.71,4.3,1.71,1.71,16.2,Matches,e4346678
10,Nicola Bagnolini,it ITA,GK,Bologna,it Serie A,17,2004,0.0,0,0,0,0,0,0.2,0.19,+0.2,+5.78,0,4,0.0,3,0,100.0,61.0,1,100.0,60.0,3,0,0.0,0,0.00,,Matches,ad263695
11,Stefan Bajic,fr FRA,GK,Saint-Étienne,fr Ligue 1,19,2001,5.7,2.28,0.35,0.18,0.00,0.00,2.32,0.39,0.04,+0.04,4.91,13.2,37.3,24.7,7.02,34.0,31.6,7.72,61.4,46.3,14.4,0.70,4.9,1.93,1.94,17.1,Matches,be13e5a8
12,Francesco Bardi,it ITA,GK,Bologna,it Serie A,29,1992,2.0,1.00,0.00,0.00,0.00,0.00,1.35,0.30,0.35,+0.37,2.50,9.50,26.3,17.5,3.00,40.0,33.0,6.50,38.5,32.1,12.0,1.00,8.3,0.00,0.00,5.5,Matches,0acda699
13,Oliver Baumann,de GER,GK,Hoffenheim,de Bundesliga,31,1990,33.0,1.73,0.06,0.00,0.27,0.03,1.56,0.33,-0.14,-0.14,4.18,11.9,35.1,39.5,5.61,26.1,29.0,6.55,24.5,28.8,12.7,0.82,6.4,1.97,1.97,16.7,Matches,47064058
14,Asmir Begović,ba BIH,GK,Everton,eng Premier League,34,1987,3.0,2.67,0.33,0.00,1.00,0.33,1.40,0.18,-0.93,-0.94,6.67,20.7,32.3,18.0,1.67,74.1,48.9,10.3,71.0,51.3,16.7,1.00,6.0,0.67,0.67,10.7,Matches,7b4de647
15,Vid Belec,si SVN,GK,Salernitana,it Serie A,31,1990,21.5,2.28,0.14,0.00,0.19,0.09,1.90,0.28,-0.29,-0.29,6.84,15.8,43.4,18.2,3.53,52.6,39.5,8.47,73.1,49.9,15.3,0.56,3.6,0.65,0.65,12.7,Matches,4f8ce0e1
16,Walter Benítez,ar ARG,GK,Nice,fr Ligue 1,28,1993,37.0,0.95,0.11,0.03,0.03,0.00,1.15,0.27,0.21,+0.21,3.92,10.2,38.4,20.9,4.57,30.2,30.5,7.03,55.4,43.0,13.6,0.84,6.2,0.89,0.89,13.6,Matches,8a2248b4
17,Alessandro Berardi,it ITA,GK,Hellas Verona,it Serie A,30,1991,1.0,3.00,0.00,0.00,0.00,0.00,2.30,0.38,-0.70,-0.66,4.00,19.0,21.1,23.0,4.00,52.2,39.7,7.00,100.0,58.7,12.0,0.00,0.0,0.00,0.00,,Matches,ec1f737d
18,Etrit Berisha,al ALB,GK,Torino,it Serie A,32,1989,10.0,0.80,0.20,0.00,0.00,0.00,1.02,0.18,0.22,+0.22,5.30,18.8,28.2,24.0,3.70,50.0,39.4,7.80,87.2,58.6,14.8,0.70,4.7,1.00,1.00,14.6,Matches,ee833569
19,Paul Bernardoni,fr FRA,GK,Angers,fr Ligue 1,24,1997,13.0,1.46,0.23,0.15,0.46,0.00,1.22,0.28,-0.24,-0.24,3.54,8.54,41.4,18.5,6.62,27.0,31.8,7.54,46.9,39.0,14.8,1.62,10.9,1.08,1.08,12.5,Matches,28dabd43
20,Paul Bernardoni,fr FRA,GK,Saint-Étienne,fr Ligue 1,24,1997,19.0,1.95,0.26,0.05,0.26,0.11,1.65,0.29,-0.19,-0.19,4.58,16.0,28.6,23.3,6.26,46.5,37.0,7.16,72.1,49.3,10.4,1.00,9.6,2.95,2.95,18.8,Matches,28dabd43
21,Dimitry Bertaud,fr FRA,GK,Montpellier,fr Ligue 1,23,1998,9.3,2.15,0.22,0.11,0.11,0.00,1.72,0.25,-0.43,-0.43,4.95,13.9,35.7,24.3,5.91,38.5,33.8,9.25,48.8,38.5,13.8,0.86,6.3,0.43,0.43,11.7,Matches,380a15e2
22,Marco Bizot,nl NED,GK,Brest,fr Ligue 1,30,1991,38.0,1.50,0.11,0.00,0.21,0.05,1.34,0.28,-0.11,-0.10,7.63,16.4,46.5,23.1,5.39,43.1,37.4,8.63,75.0,53.1,14.2,0.42,3.0,0.89,0.89,14.1,Matches,3d214e5f
23,Yassine Bounou,ma MAR,GK,Sevilla,es La Liga,30,1991,31.0,0.77,0.06,0.06,0.19,0.00,0.86,0.24,0.08,+0.09,4.90,12.2,40.2,26.7,3.74,30.2,33.1,7.77,53.1,41.2,13.5,0.87,6.4,0.77,0.77,12.8,Matches,f6798fc3
24,Claudio Bravo,cl CHI,GK,Betis,es La Liga,38,1983,16.2,1.17,0.06,0.00,0.06,0.12,1.15,0.31,0.10,+0.10,6.73,16.8,40.1,25.0,3.27,51.9,39.9,6.11,62.6,47.9,15.5,0.37,2.4,0.56,0.56,11.0,Matches,10072610
25,Fabian Bredlow,de GER,GK,Stuttgart,de Bundesliga,26,1995,4.0,1.75,0.00,0.00,0.75,0.00,1.68,0.28,-0.07,-0.07,2.50,5.50,45.5,23.0,5.50,20.7,26.8,9.25,8.1,19.6,16.8,0.50,3.0,1.00,1.00,17.8,Matches,d28339cb
26,Sascha Burchert,de GER,GK,Greuther Fürth,de Bundesliga,31,1989,14.0,2.00,0.21,0.07,0.29,0.14,1.64,0.28,-0.21,-0.22,8.57,23.3,36.8,31.5,3.50,52.2,41.1,8.21,83.5,55.9,16.0,0.57,3.6,1.71,1.71,17.2,Matches,25bdea4b
27,Roman Bürki,ch SUI,GK,Dortmund,de Bundesliga,30,1990,1.0,1.00,1.00,0.00,0.00,0.00,1.00,0.00,0.00,-0.01,0.00,7.00,0.0,20.0,3.00,30.0,28.1,3.00,33.3,34.3,5.00,0.00,0.0,5.00,5.00,27.3,Matches,9d12e142
28,Jack Butland,eng ENG,GK,Crystal Palace,eng Premier League,28,1993,8.5,1.53,0.00,0.12,0.12,0.24,1.14,0.31,-0.15,-0.16,2.94,10.9,26.9,26.0,4.71,28.5,29.8,7.76,45.5,36.3,16.4,1.29,7.9,0.82,0.82,11.2,Matches,cc70a1d5
29,Marcin Bułka,pl POL,GK,Nice,fr Ligue 1,21,1999,1.0,1.00,0.00,0.00,0.00,0.00,1.70,0.35,0.70,+0.73,1.00,3.00,33.3,17.0,6.00,11.8,19.2,7.00,14.3,24.9,14.0,1.00,7.1,1.00,1.00,22.5,Matches,db87a2c4
30,Willy Caballero,ar ARG,GK,Southampton,eng Premier League,39,1981,2.0,2.50,0.00,0.00,0.50,0.00,1.65,0.31,-0.85,-0.85,8.50,18.0,47.2,23.5,0.00,51.1,38.4,6.50,92.3,56.5,16.5,0.50,3.0,2.00,2.00,14.0,Matches,a179d516
31,Marc-Aurèle Caillard,fr FRA,GK,Metz,fr Ligue 1,27,1994,17.1,1.75,0.12,0.00,0.41,0.00,1.61,0.30,-0.15,-0.15,6.02,16.1,37.3,16.7,5.09,44.8,38.9,9.82,88.1,58.5,15.4,0.58,3.8,0.76,0.76,12.8,Matches,5ee6e943
32,Cárdenas,es ESP,GK,Levante,es La Liga,24,1997,24.0,1.92,0.17,0.04,0.21,0.00,1.73,0.31,-0.19,-0.19,3.83,12.3,31.1,21.9,3.54,41.9,36.6,8.25,38.4,35.7,13.8,0.42,3.0,1.08,1.08,15.6,Matches,e1846dde
33,Kiko Casilla,es ESP,GK,Elche,es La Liga,34,1986,14.0,1.21,0.00,0.00,0.07,0.00,1.23,0.29,0.01,+0.01,5.36,15.6,34.4,24.9,5.50,42.5,36.4,9.71,51.5,40.8,15.5,0.57,3.7,1.07,1.07,15.2,Matches,58bc7d18
34,Koen Casteels,be BEL,GK,Wolfsburg,de Bundesliga,29,1992,28.0,1.43,0.11,0.00,0.14,0.00,1.50,0.32,0.07,+0.07,5.89,13.2,44.6,31.2,4.82,30.6,32.3,7.29,50.5,42.1,14.8,1.11,7.5,1.07,1.07,14.8,Matches,db401046
35,Leonardo César Jardim,br BRA,GK,Lille,fr Ligue 1,26,1995,17.0,1.18,0.24,,,,,,,,,,,,,,,,,,,,,,,,Matches,f5dfc256
36,Jasper Cillessen,nl NED,GK,Valencia,es La Liga,32,1989,16.2,1.79,0.31,0.00,0.25,0.12,1.77,0.31,0.10,+0.10,6.42,14.9,43.0,21.7,4.26,49.0,39.8,5.80,74.5,54.6,12.0,0.37,3.1,0.86,0.86,16.0,Matches,04ac8285
37,Diego Conde,es ESP,GK,Getafe,es La Liga,22,1998,0.1,0.00,0.00,0.00,0.00,0.00,0.00,,0.00,0.00,0.00,60.0,0.0,40.0,0.00,100.0,61.0,20.0,100.0,68.0,50.0,10.0,20.0,0.00,0.00,5.0,Matches,4eae5bc4
38,Andrea Consigli,it ITA,GK,Sassuolo,it Serie A,34,1987,36.9,1.71,0.22,0.00,0.27,0.03,1.52,0.28,-0.16,-0.16,5.04,11.7,43.2,33.0,4.72,29.0,30.9,6.67,31.7,28.8,13.3,0.57,4.3,0.81,0.81,13.4,Matches,8cabdc1e
39,Benoît Costil,fr FRA,GK,Bordeaux,fr Ligue 1,34,1987,25.0,2.48,0.20,0.04,0.20,0.04,1.76,0.29,-0.68,-0.68,7.24,17.0,42.7,27.4,3.12,40.2,35.3,8.72,67.9,47.9,14.2,0.36,2.5,1.56,1.56,16.9,Matches,2434f24a
40,Thibaut Courtois,be BEL,GK,Real Madrid,es La Liga,29,1992,36.0,0.81,0.06,0.03,0.06,0.00,0.92,0.25,0.12,+0.12,2.06,6.97,29.5,26.0,5.22,20.3,28.8,5.53,30.7,34.3,13.0,0.58,4.5,0.86,0.86,15.5,Matches,1840e36d
41,Alessio Cragno,it ITA,GK,Cagliari,it Serie A,27,1994,35.0,1.80,0.17,0.11,0.29,0.03,1.50,0.28,-0.27,-0.27,9.17,20.1,45.7,25.4,3.20,52.9,39.4,9.03,73.4,48.2,13.8,0.63,4.5,0.94,0.94,15.0,Matches,f554e29b
42,Finn Dahmen,de GER,GK,Mainz 05,de Bundesliga,23,1998,2.0,1.50,0.50,0.00,0.00,0.00,1.05,0.24,-0.45,-0.43,1.50,7.00,21.4,29.5,4.50,16.9,25.8,10.0,20.0,31.2,13.5,1.00,7.4,1.00,1.00,14.4,Matches,dee3013b
43,Karl Darlow,eng ENG,GK,Newcastle Utd,eng Premier League,30,1990,8.0,1.88,0.25,0.00,0.13,0.13,1.19,0.21,-0.56,-0.56,9.00,20.4,44.2,23.4,3.50,61.5,44.5,7.75,77.4,56.7,13.3,0.63,4.7,0.50,0.50,10.5,Matches,cde3309f
44,Arthur Desmas,fr FRA,GK,Clermont Foot,fr Ligue 1,27,1994,14.5,2.28,0.21,0.00,0.21,0.07,1.54,0.30,-0.67,-0.67,2.21,9.17,24.1,20.8,3.66,28.8,30.2,7.72,41.1,33.8,11.0,0.34,3.1,0.28,0.28,10.6,Matches,e8c5dd4d
45,Javier Díaz,es ESP,GK,Sevilla,es La Liga,24,1997,1.0,1.00,0.00,0.00,0.00,0.00,0.60,0.28,-0.40,-0.45,5.00,10.0,50.0,31.0,2.00,25.8,29.1,3.00,66.7,49.3,17.0,1.00,5.9,0.00,0.00,13.7,Matches,17a1299d
46,Stole Dimitrievski,mk MKD,GK,Rayo Vallecano,es La Liga,27,1993,30.8,1.20,0.23,0.00,0.10,0.03,1.22,0.23,0.06,+0.05,5.91,18.0,32.9,23.1,4.90,54.3,42.1,7.47,73.0,53.5,13.1,1.14,8.6,1.14,1.14,13.9,Matches,fc70e345
47,Matías Dituro,ar ARG,GK,Celta Vigo,es La Liga,34,1987,38.0,1.13,0.11,0.00,0.03,0.05,1.14,0.27,0.06,+0.06,7.97,21.2,37.7,30.9,3.45,51.3,40.3,7.45,71.0,52.4,11.9,0.95,8.0,0.97,0.97,14.3,Matches,b6160ad0
48,Ouparine Djoco,sn SEN,GK,Clermont Foot,fr Ligue 1,23,1998,23.5,1.53,0.09,0.00,0.30,0.09,1.20,0.27,-0.24,-0.24,3.91,12.9,30.5,24.9,4.55,36.6,33.7,6.55,57.1,40.6,12.9,0.98,7.6,1.19,1.19,14.2,Matches,62124972
49,Marko Dmitrović,rs SRB,GK,Sevilla,es La Liga,29,1992,6.0,0.83,0.00,0.00,0.00,0.00,0.68,0.21,-0.15,-0.16,4.00,9.67,41.4,31.8,4.50,24.6,30.5,5.50,33.3,35.8,11.0,0.67,6.1,2.00,2.00,17.5,Matches,ac295d9e
50,Jaume Doménech,es ESP,GK,Valencia,es La Liga,30,1990,3.8,1.05,0.00,0.00,0.26,0.26,1.13,0.39,0.34,+0.34,7.63,17.6,43.3,19.7,1.84,56.0,42.6,8.42,78.1,52.6,17.4,0.26,1.5,0.53,0.52,9.3,Matches,c9cb972b
51,Gianluigi Donnarumma,it ITA,GK,Paris S-G,fr Ligue 1,22,1999,17.0,1.00,0.06,0.00,0.18,0.06,1.03,0.27,0.09,+0.09,1.18,2.76,42.6,21.9,6.35,8.8,22.0,5.65,14.6,21.6,10.4,0.65,6.3,2.00,2.00,18.4,Matches,08f5afaa
52,Bartłomiej Drągowski,pl POL,GK,Fiorentina,it Serie A,23,1997,6.2,1.29,0.16,0.00,0.16,0.00,1.31,0.24,0.02,+0.02,6.94,15.6,44.3,49.0,3.71,26.3,30.8,6.29,43.6,40.2,9.84,0.32,3.3,3.23,3.24,22.3,Matches,085e71a7
53,Matthieu Dreyer,fr FRA,GK,Lorient,fr Ligue 1,32,1989,16.0,1.56,0.06,0.00,0.06,0.00,1.21,0.32,-0.36,-0.36,4.19,12.7,33.0,17.6,2.88,38.3,36.3,8.31,71.4,48.9,13.9,0.31,2.2,0.63,0.63,15.4,Matches,fbf83734
54,Martin Dúbravka,sk SVK,GK,Newcastle Utd,eng Premier League,32,1989,26.0,1.35,0.04,0.00,0.27,0.04,1.31,0.32,0.00,0.00,7.96,19.1,41.6,23.3,3.38,46.3,37.0,9.08,91.9,60.5,13.8,0.85,6.1,0.54,0.54,11.9,Matches,3a949a25
55,Ederson,br BRA,GK,Manchester City,eng Premier League,27,1993,37.0,0.70,0.03,0.00,0.03,0.00,0.69,0.30,-0.01,-0.01,2.35,4.92,47.8,26.7,4.46,15.7,25.7,3.73,19.6,26.8,8.11,0.57,7.0,1.49,1.49,19.0,Matches,3bb7b8b4
56,Aarón Escandell,es ESP,GK,Granada,es La Liga,25,1995,3.2,1.88,0.63,0.00,0.00,0.00,1.31,0.14,-0.56,-0.57,10.9,27.5,39.8,28.4,4.06,64.8,44.0,11.6,78.4,51.2,12.8,0.94,7.3,3.13,3.17,16.1,Matches,67669ce7
57,Michael Esser,de GER,GK,Bochum,de Bundesliga,33,1987,3.0,2.33,0.67,0.00,0.33,0.00,2.83,0.32,0.50,+0.51,6.67,21.7,30.8,34.7,3.33,41.3,36.1,10.0,73.3,48.3,17.3,0.33,1.9,0.33,0.33,10.7,Matches,83e0eeb4
58,Łukasz Fabiański,pl POL,GK,West Ham,eng Premier League,36,1985,37.0,1.35,0.05,0.05,0.22,0.05,1.26,0.26,-0.03,-0.03,5.22,14.2,36.8,19.9,4.43,48.9,38.2,7.49,59.6,44.4,16.1,0.76,4.7,0.32,0.32,10.4,Matches,9328b835
59,Wladimiro Falcone,it ITA,GK,Sampdoria,it Serie A,26,1995,9.5,1.47,0.11,0.00,0.00,0.11,1.24,0.20,-0.13,-0.13,6.63,15.8,42.0,29.9,4.42,34.5,33.2,7.79,70.3,45.0,17.3,0.74,4.3,0.21,0.21,10.2,Matches,9f5a610b
60,Wuilker Faríñez,ve VEN,GK,Lens,fr Ligue 1,23,1998,12.3,1.22,0.08,0.00,0.08,0.00,1.06,0.28,-0.16,-0.16,2.03,6.67,30.5,18.0,4.96,30.3,30.6,6.67,18.3,24.4,12.9,1.22,9.4,1.71,1.71,16.6,Matches,2c127b6f
61,Aitor Fernández,es ESP,GK,Levante,es La Liga,30,1991,13.0,2.23,0.08,0.00,0.62,0.00,1.81,0.27,-0.42,-0.42,4.54,11.8,38.3,22.0,5.08,41.6,36.2,7.08,38.0,34.9,13.6,0.69,5.1,1.62,1.62,18.1,Matches,a01c3d54
62,Álvaro Fernández,es ESP,GK,Brentford,eng Premier League,23,1998,12.0,2.00,0.08,0.00,0.42,0.17,1.66,0.28,-0.18,-0.17,5.33,18.0,29.6,36.1,5.00,40.4,33.9,6.92,49.4,36.9,16.2,0.75,4.6,1.50,1.50,16.8,Matches,f127d782
63,Vincenzo Fiorillo,it ITA,GK,Salernitana,it Serie A,31,1990,1.0,5.00,0.00,0.00,1.00,0.00,2.70,0.34,-2.30,-2.32,11.0,17.0,64.7,19.0,4.00,36.8,36.4,12.0,83.3,50.8,16.0,0.00,0.0,0.00,0.00,4.0,Matches,a2565f79
64,Mark Flekken,nl NED,GK,Freiburg,de Bundesliga,28,1993,32.0,1.22,0.06,0.03,0.09,0.03,1.24,0.27,0.05,+0.05,7.66,19.8,38.7,33.9,3.50,41.5,37.8,7.63,75.0,59.1,14.4,0.44,3.0,1.09,1.09,15.8,Matches,a92ab7be
65,Fraser Forster,eng ENG,GK,Southampton,eng Premier League,33,1988,19.0,1.84,0.11,0.00,0.26,0.11,1.71,0.31,-0.03,-0.03,5.53,17.4,31.8,24.3,3.74,50.1,39.6,7.37,70.7,49.5,15.0,0.95,6.3,1.26,1.26,12.4,Matches,c3e39f12
66,Ben Foster,eng ENG,GK,Watford,eng Premier League,38,1983,26.0,1.88,0.12,0.00,0.12,0.04,1.43,0.29,-0.42,-0.42,7.54,23.9,31.5,25.3,2.92,64.1,44.7,8.58,90.1,60.6,17.5,0.77,4.4,1.42,1.42,15.8,Matches,d0b3ceb9
67,Christian Früchtl,de GER,GK,Bayern Munich,de Bundesliga,21,2000,0.1,0.00,0.00,0.00,0.00,0.00,0.00,,0.00,0.00,10.0,10.0,100.0,40.0,0.00,25.0,18.0,0.00,,,0.00,0.00,,0.00,0.00,19.0,Matches,1940be91
68,Marius Funk,de GER,GK,Greuther Fürth,de Bundesliga,25,1996,8.0,3.75,0.25,0.00,0.38,0.25,3.02,0.41,-0.47,-0.47,8.13,22.8,35.7,36.0,3.25,45.8,37.5,8.75,71.4,52.2,11.9,0.88,7.4,2.38,2.38,18.6,Matches,86314793
69,Gauthier Gallon,fr FRA,GK,Troyes,fr Ligue 1,28,1993,31.0,1.45,0.26,0.03,0.23,0.06,1.46,0.28,0.07,+0.07,5.90,14.6,40.5,26.3,5.13,38.9,34.7,7.94,54.9,40.1,13.3,0.61,4.6,0.81,0.81,14.5,Matches,db3164e1
70,Joan García,es ESP,GK,Espanyol,es La Liga,20,2001,1.2,2.50,0.00,0.00,0.00,0.00,0.83,0.33,-1.67,-1.68,3.33,8.33,40.0,26.7,7.50,25.0,28.8,1.67,100.0,71.0,13.3,0.00,0.0,4.17,4.17,26.3,Matches,87b498b0
71,David de Gea,es ESP,GK,Manchester Utd,eng Premier League,30,1990,38.0,1.50,0.08,0.00,0.11,0.08,1.45,0.29,0.03,+0.03,2.71,8.29,32.7,16.4,3.53,30.0,30.9,7.87,42.8,35.9,13.8,0.21,1.5,0.66,0.66,14.0,Matches,7ba6d84e
72,Luca Gemello,it ITA,GK,Torino,it Serie A,21,2000,1.0,0.00,0.00,0.00,0.00,0.00,0.20,0.08,0.20,+0.23,6.00,24.0,25.0,31.0,1.00,67.7,47.8,3.00,100.0,56.3,10.0,0.00,0.0,1.00,1.00,21.0,Matches,53e494ec
73,Rafał Gikiewicz,pl POL,GK,Augsburg,de Bundesliga,33,1987,34.0,1.65,0.15,0.03,0.06,0.06,1.54,0.31,-0.05,-0.05,6.85,17.0,40.2,28.0,4.26,41.9,36.5,8.44,63.1,47.7,15.6,0.71,4.5,1.50,1.50,16.7,Matches,17376543
74,Alfred Gomis,sn SEN,GK,Rennes,fr Ligue 1,27,1993,25.0,1.00,0.16,0.00,0.16,0.04,0.96,0.33,-0.00,0.00,5.20,12.2,42.8,25.1,4.76,32.1,31.4,6.04,68.2,49.5,14.5,0.68,4.7,1.24,1.24,16.1,Matches,cecbce23
75,Jens Grahl,de GER,GK,Eint Frankfurt,de Bundesliga,32,1988,1.0,2.00,0.00,0.00,0.00,0.00,0.70,0.16,-1.30,-1.35,1.00,4.00,25.0,18.0,5.00,0.0,21.9,11.0,36.4,36.8,10.0,1.00,10.0,0.00,0.00,10.8,Matches,f26dee6b
76,Ivo Grbić,hr CRO,GK,Lille,fr Ligue 1,25,1996,21.0,1.33,0.10,0.05,0.24,0.05,1.10,0.25,-0.18,-0.18,4.62,12.7,36.3,20.0,4.14,41.5,35.2,7.90,56.0,43.5,14.8,0.76,5.2,0.62,0.62,11.7,Matches,3f034750
77,Etienne Green,eng ENG,GK,Saint-Étienne,fr Ligue 1,21,2000,13.3,2.03,0.08,0.08,0.08,0.15,1.80,0.34,-0.08,-0.08,4.81,12.5,38.6,21.8,4.81,34.8,34.4,8.27,59.1,46.6,13.0,0.45,3.5,1.05,1.05,14.1,Matches,667b65da
78,Dominik Greif,sk SVK,GK,Mallorca,es La Liga,24,1997,1.0,3.00,0.00,1.00,0.00,0.00,1.50,0.24,-1.50,-1.53,1.00,10.0,10.0,21.0,6.00,33.3,34.1,10.0,30.0,32.7,13.0,0.00,0.0,1.00,1.00,12.5,Matches,30061f53
79,Lennart Grill,de GER,GK,Leverkusen,de Bundesliga,22,1999,1.0,2.00,0.00,0.00,0.00,1.00,1.80,0.31,0.80,+0.84,5.00,17.0,29.4,37.0,7.00,29.7,28.5,10.0,60.0,43.8,12.0,0.00,0.0,0.00,0.00,12.0,Matches,37998008
80,Vicente Guaita,es ESP,GK,Crystal Palace,eng Premier League,34,1987,29.5,1.12,0.10,0.03,0.34,0.00,0.98,0.23,-0.14,-0.14,3.56,9.56,37.2,26.4,6.17,26.6,28.3,6.81,37.3,31.5,13.1,0.58,4.4,1.22,1.22,16.3,Matches,ab13a5aa
81,Péter Gulácsi,hu HUN,GK,RB Leipzig,de Bundesliga,31,1990,33.0,1.03,0.09,0.00,0.18,0.03,0.97,0.27,-0.03,-0.03,3.55,9.39,37.7,29.6,4.91,24.9,29.5,6.00,33.8,33.1,10.6,0.42,4.0,1.85,1.85,20.6,Matches,bcb2ccd8
82,Angus Gunn,eng ENG,GK,Norwich City,eng Premier League,25,1996,9.0,2.44,0.22,0.00,0.22,0.00,2.14,0.30,-0.30,-0.30,5.00,14.3,34.9,24.3,5.22,43.4,34.5,9.56,39.5,34.5,19.4,0.33,1.7,1.56,1.56,17.3,Matches,e082af5b
83,Samir Handanović,si SVN,GK,Inter,it Serie A,37,1984,37.0,0.81,0.11,0.00,0.08,0.03,0.90,0.24,0.11,+0.11,3.76,8.14,46.2,30.2,4.76,24.3,28.1,3.84,20.4,26.5,10.6,0.41,3.8,0.27,0.27,11.2,Matches,74419746
84,Wayne Hennessey,wls WAL,GK,Burnley,eng Premier League,34,1987,2.0,3.00,0.00,0.00,0.50,0.50,1.60,0.26,-0.90,-0.91,13.5,31.5,42.9,28.5,3.50,77.2,50.8,10.5,90.5,63.6,18.5,0.00,0.0,2.00,2.00,17.0,Matches,76eca7e2
85,Sergio Herrera,es ESP,GK,Osasuna,es La Liga,28,1993,36.0,1.33,0.11,0.00,0.28,0.03,1.34,0.29,0.03,+0.03,10.8,23.6,45.6,23.7,2.17,69.0,46.5,8.50,85.6,58.5,14.7,0.64,4.3,1.78,1.78,18.1,Matches,a4995f48
86,Marwin Hitz,ch SUI,GK,Dortmund,de Bundesliga,33,1987,4.5,2.67,0.44,0.00,0.22,0.00,1.91,0.27,-0.76,-0.76,3.56,7.11,50.0,32.7,6.89,18.4,27.7,6.67,16.7,28.2,12.0,0.67,5.6,2.00,2.00,20.6,Matches,2e7ff968
87,Timo Horn,de GER,GK,Köln,de Bundesliga,28,1993,13.0,1.62,0.00,0.00,0.23,0.08,1.52,0.36,-0.02,-0.02,5.15,12.8,40.4,33.7,3.62,32.2,33.1,6.23,30.9,33.4,11.5,0.31,2.7,1.46,1.46,17.4,Matches,3cd9e95a
88,Lukáš Hrádecký,fi FIN,GK,Leverkusen,de Bundesliga,31,1989,32.0,1.38,0.06,0.06,0.19,0.00,1.31,0.26,-0.07,-0.07,4.06,11.9,34.1,32.8,5.41,27.8,30.6,6.53,42.6,37.4,12.0,0.53,4.4,1.41,1.41,17.5,Matches,ad3389d5
89,Stefanos Kapino,gr GRE,GK,Arminia,de Bundesliga,27,1994,1.0,0.00,0.00,0.00,0.00,0.00,1.00,0.26,1.00,+1.02,7.00,16.0,43.8,21.0,3.00,38.1,37.3,10.0,80.0,48.9,31.0,1.00,3.2,2.00,2.00,18.4,Matches,62ba5881
90,Eiji Kawashima,jp JPN,GK,Strasbourg,fr Ligue 1,38,1983,1.0,0.00,0.00,0.00,0.00,0.00,0.10,0.07,0.10,+0.07,3.00,6.00,50.0,23.0,5.00,13.0,26.0,7.00,42.9,31.7,12.0,2.00,16.7,0.00,0.00,12.0,Matches,a4527d33
91,Caoimhín Kelleher,ie IRL,GK,Liverpool,eng Premier League,22,1998,2.0,1.00,0.00,0.00,0.00,0.00,1.10,0.28,0.10,+0.11,1.00,5.00,20.0,39.0,6.50,11.5,22.7,6.50,7.7,23.0,10.0,0.00,0.0,1.50,1.50,17.1,Matches,62d7ef38
92,Kristoffer Klaesson,no NOR,GK,Leeds United,eng Premier League,20,2000,0.4,0.00,0.00,0.00,0.00,0.00,1.50,0.14,1.50,+1.38,2.50,7.50,33.3,20.0,5.00,25.0,30.4,7.50,33.3,28.7,17.5,0.00,0.0,5.00,5.00,23.7,Matches,3f70db80
93,Gregor Kobel,ch SUI,GK,Dortmund,de Bundesliga,23,1997,28.5,1.37,0.11,0.07,0.18,0.07,1.31,0.32,0.01,+0.02,2.70,8.42,32.1,29.3,4.98,20.5,27.5,6.49,37.3,35.4,12.0,0.60,5.0,1.72,1.72,16.1,Matches,cd59b9df
94,Tim Krul,nl NED,GK,Norwich City,eng Premier League,33,1988,29.0,2.14,0.24,0.03,0.24,0.07,1.67,0.27,-0.40,-0.40,4.62,13.8,33.6,29.2,5.79,34.5,34.3,7.72,47.8,40.1,15.2,0.48,3.2,0.66,0.66,12.6,Matches,f23f9d20
95,Alban Lafont,fr FRA,GK,Nantes,fr Ligue 1,22,1999,38.0,1.26,0.11,0.00,0.16,0.03,1.37,0.30,0.14,+0.14,5.42,16.0,33.9,21.7,3.61,46.2,39.2,7.58,78.5,55.5,12.9,0.71,5.5,1.47,1.47,14.9,Matches,4e7db402
96,Jean-Louis Leca,fr FRA,GK,Lens,fr Ligue 1,35,1985,25.7,1.28,0.12,0.04,0.08,0.00,1.24,0.29,-0.05,-0.05,4.20,10.1,41.7,20.8,5.18,35.3,31.3,7.74,35.2,33.1,11.4,0.70,6.1,0.93,0.93,14.2,Matches,edbe46dc
97,Jeremías Ledesma,ar ARG,GK,Cádiz,es La Liga,28,1993,38.0,1.34,0.29,0.00,0.26,0.00,1.39,0.24,0.05,+0.05,7.16,20.8,34.3,22.1,3.13,63.3,46.0,8.24,83.1,60.2,15.4,1.11,7.2,0.74,0.74,12.1,Matches,6c4776b1
98,Bernd Leno,de GER,GK,Arsenal,eng Premier League,29,1992,4.0,2.25,0.00,0.00,0.00,0.00,2.35,0.50,0.10,+0.11,4.25,13.3,32.1,19.3,3.25,35.1,33.8,9.25,70.3,50.4,18.3,1.50,8.2,0.25,0.25,7.3,Matches,2628fd2b
99,Alexandre Letellier,fr FRA,GK,Paris S-G,fr Ligue 1,30,1990,0.1,0.00,0.00,0.00,0.00,0.00,0.00,,0.00,0.00,0.00,0.00,,20.0,0.00,0.0,22.0,10.0,0.0,34.0,10.0,0.00,0.0,0.00,0.00,,Matches,96fcd380
100,Luca Lezzerini,it ITA,GK,Venezia,it Serie A,26,1995,5.5,1.64,0.00,0.00,0.00,0.00,1.69,0.25,0.05,+0.05,4.00,10.7,37.3,28.2,7.09,28.4,30.3,8.00,34.1,31.0,18.2,0.36,2.0,0.55,0.55,13.8,Matches,c9c32262
101,Andreas Linde,se SWE,GK,Greuther Fürth,de Bundesliga,28,1993,12.0,2.00,0.08,0.00,0.42,0.08,1.64,0.31,-0.27,-0.27,5.25,17.6,29.9,34.0,5.75,39.0,35.1,7.25,59.8,44.8,18.9,1.08,5.7,0.83,0.83,13.8,Matches,4d6a842d
102,Hugo Lloris,fr FRA,GK,Tottenham,eng Premier League,34,1986,38.0,1.05,0.05,0.03,0.13,0.03,0.99,0.26,-0.04,-0.04,3.03,7.34,41.2,17.8,4.24,29.6,31.0,7.32,28.4,26.5,14.9,0.87,5.8,1.18,1.18,14.2,Matches,8f62b6ee
103,Anthony Lopes,pt POR,GK,Lyon,fr Ligue 1,30,1990,33.1,1.36,0.09,0.03,0.24,0.09,1.29,0.26,0.02,+0.02,3.41,7.95,43.0,27.5,4.83,23.0,29.3,6.62,24.7,31.4,12.4,0.51,4.1,0.85,0.85,14.6,Matches,f00de885
104,Diego López,es ESP,GK,Espanyol,es La Liga,39,1981,35.3,1.39,0.08,0.00,0.11,0.06,1.42,0.31,0.09,+0.09,4.48,12.2,36.8,24.3,5.86,33.8,33.8,8.44,46.6,38.7,17.5,0.99,5.7,1.22,1.22,13.7,Matches,73683fa9
105,Pau López,es ESP,GK,Marseille,fr Ligue 1,26,1994,29.0,1.07,0.14,0.00,0.17,0.00,1.04,0.32,-0.03,-0.03,2.72,8.55,31.9,40.2,5.00,16.8,25.8,5.76,31.1,33.4,9.34,0.66,7.0,1.59,1.59,17.8,Matches,20b9f052
106,Jonas Lössl,dk DEN,GK,Brentford,eng Premier League,32,1989,2.0,2.50,0.00,0.00,0.00,0.00,1.60,0.46,-0.90,-0.90,4.50,12.5,36.0,24.0,3.00,43.8,35.7,6.50,30.8,31.7,15.0,0.50,3.3,2.50,2.50,22.7,Matches,939bc634
107,Marcel Lotka,pl POL,GK,Hertha BSC,de Bundesliga,20,2001,9.8,2.04,0.31,0.00,0.41,0.00,1.41,0.23,-0.63,-0.63,6.43,19.2,33.5,26.7,4.80,52.3,39.7,7.45,69.9,52.5,14.7,1.33,9.0,1.02,1.02,12.1,Matches,5584552e
108,Andriy Lunin,ua UKR,GK,Real Madrid,es La Liga,22,1999,2.0,1.00,0.50,0.00,0.00,0.00,1.80,0.22,0.80,+0.81,2.50,5.00,50.0,28.5,6.50,7.0,23.3,11.5,26.1,33.6,19.5,1.50,7.7,0.00,0.00,9.9,Matches,3061e1ec
109,Andrey Lunyov,ru RUS,GK,Leverkusen,de Bundesliga,29,1991,1.0,1.00,0.00,0.00,0.00,0.00,0.40,0.19,-0.60,-0.62,4.00,10.0,40.0,43.0,5.00,14.0,25.4,6.00,66.7,53.7,21.0,0.00,0.0,0.00,0.00,13.0,Matches,8a6ab963
110,Andreas Luthe,de GER,GK,Union Berlin,de Bundesliga,34,1987,27.0,1.44,0.07,0.00,0.19,0.11,1.13,0.29,-0.20,-0.20,6.04,17.5,34.5,29.0,4.52,43.6,36.0,8.04,59.9,44.2,14.8,1.07,7.3,0.89,0.89,12.9,Matches,7fe12375
111,Niki Mäenpää,fi FIN,GK,Venezia,it Serie A,36,1985,16.5,1.64,0.30,0.00,0.24,0.00,1.71,0.28,0.07,+0.07,4.24,13.4,31.7,23.0,4.48,43.5,36.0,8.67,39.2,35.4,16.7,0.36,2.2,0.61,0.61,10.8,Matches,14a96e1c
112,Mike Maignan,fr FRA,GK,Milan,it Serie A,26,1995,32.0,0.66,0.06,0.00,0.13,0.03,0.76,0.22,0.13,+0.13,4.91,11.7,42.0,31.4,5.13,31.4,33.0,4.66,38.9,36.5,10.8,0.78,7.2,1.41,1.41,16.8,Matches,fcb38f57
113,Giorgi Mamardashvili,ge GEO,GK,Valencia,es La Liga,20,2000,18.0,1.11,0.11,0.00,0.11,0.00,1.17,0.26,0.06,+0.06,6.39,17.4,36.6,19.2,3.56,57.8,41.4,8.28,76.5,53.7,15.2,0.72,4.8,1.61,1.61,16.3,Matches,d4b73232
114,Steve Mandanda,fr FRA,GK,Marseille,fr Ligue 1,36,1985,9.0,0.78,0.00,0.00,0.33,0.11,0.74,0.26,0.08,+0.08,4.44,11.6,38.5,36.9,4.11,23.5,28.0,7.44,38.8,34.4,15.0,0.67,4.4,2.33,2.33,19.1,Matches,1d2d5cc8
115,Anthony Mandrea,dz ALG,GK,Angers,fr Ligue 1,24,1996,10.0,1.40,0.00,0.00,0.20,0.10,1.26,0.29,-0.04,-0.04,3.70,13.9,26.6,18.4,3.70,50.5,40.5,8.80,52.3,45.2,18.6,0.80,4.3,0.80,0.80,11.6,Matches,f7d3a773
116,Davide Marfella,it ITA,GK,Napoli,it Serie A,21,1999,0.1,0.00,0.00,0.00,0.00,0.00,1.00,0.05,1.00,+0.44,0.00,0.00,,10.0,10.0,0.0,15.0,0.00,,,10.0,0.00,0.0,0.00,0.00,,Matches,880fcdbb
117,Emiliano Martínez,ar ARG,GK,Aston Villa,eng Premier League,28,1992,36.0,1.33,0.11,0.06,0.14,0.06,1.17,0.27,-0.11,-0.11,4.06,11.3,36.0,22.9,4.50,36.4,33.6,7.64,38.5,34.1,13.2,0.94,7.2,0.92,0.92,15.4,Matches,7956236f
118,Josep Martinez,es ESP,GK,RB Leipzig,de Bundesliga,23,1998,1.0,3.00,0.00,0.00,0.00,0.00,1.50,0.37,-1.50,-1.51,2.00,5.00,40.0,14.0,1.00,28.6,29.6,7.00,14.3,29.4,4.00,0.00,0.0,4.00,4.00,25.0,Matches,11d8aff0
119,Luís Maximiano,pt POR,GK,Granada,es La Liga,22,1999,34.8,1.58,0.14,0.00,0.20,0.06,1.61,0.28,0.09,+0.09,6.67,21.0,31.8,24.1,4.28,56.7,42.6,9.63,75.8,52.5,16.5,0.83,5.1,1.55,1.55,17.6,Matches,3318286e
120,Alex McCarthy,eng ENG,GK,Southampton,eng Premier League,31,1989,17.0,1.59,0.00,0.00,0.35,0.00,1.26,0.31,-0.32,-0.32,4.35,14.5,30.1,22.5,4.59,40.7,34.7,7.35,72.0,50.6,15.0,1.29,8.6,0.29,0.29,9.6,Matches,36c2ca73
121,Edouard Mendy,sn SEN,GK,Chelsea,eng Premier League,29,1992,34.0,0.91,0.18,0.00,0.03,0.03,0.84,0.22,-0.05,-0.05,2.44,5.68,43.0,22.9,4.53,18.9,25.3,5.21,26.0,24.9,11.0,0.82,7.5,1.35,1.35,14.9,Matches,33887998
122,Alex Meret,it ITA,GK,Napoli,it Serie A,24,1997,6.9,0.87,0.00,0.00,0.00,0.00,0.93,0.22,0.06,+0.06,1.88,4.20,44.8,23.2,6.52,12.5,25.1,5.22,25.0,26.5,12.9,0.43,3.4,0.72,0.73,14.6,Matches,9413b19f
123,Illan Meslier,fr FRA,GK,Leeds United,eng Premier League,21,2000,37.6,2.10,0.13,0.08,0.27,0.03,1.64,0.26,-0.43,-0.43,2.87,10.9,26.3,29.3,7.29,27.5,29.3,7.66,37.2,33.3,11.6,0.61,5.3,1.20,1.20,14.2,Matches,6b625ac2
124,Vanja Milinković-Savić,rs SRB,GK,Torino,it Serie A,24,1997,27.0,1.22,0.26,0.07,0.15,0.00,0.99,0.24,-0.23,-0.23,7.11,24.4,29.1,31.4,3.59,59.5,44.4,6.26,91.1,66.3,10.7,0.67,6.2,0.81,0.81,14.3,Matches,9fa26bc2
125,Lorenzo Montipò,it ITA,GK,Hellas Verona,it Serie A,25,1996,34.0,1.47,0.06,0.03,0.21,0.06,1.19,0.28,-0.22,-0.22,5.56,17.0,32.8,21.6,3.53,57.2,42.3,6.79,68.4,46.5,14.6,0.62,4.2,0.68,0.68,13.1,Matches,c1d95617
126,Jessy Moulin,fr FRA,GK,Troyes,fr Ligue 1,35,1986,7.0,1.14,0.29,0.14,0.14,0.00,1.11,0.25,-0.03,-0.02,4.57,13.9,33.0,23.4,5.71,37.8,35.7,10.7,46.7,37.7,15.6,1.57,10.1,1.29,1.29,11.4,Matches,28a65a2c
127,Florian Müller,de GER,GK,Stuttgart,de Bundesliga,23,1997,30.0,1.73,0.13,0.03,0.17,0.03,1.54,0.31,-0.16,-0.16,3.07,7.83,39.1,25.8,5.07,21.2,27.3,8.00,29.6,30.7,14.9,0.57,3.8,1.23,1.23,15.4,Matches,cbac6ec9
128,Juan Musso,ar ARG,GK,Atalanta,it Serie A,27,1994,32.6,1.29,0.09,0.00,0.06,0.09,1.15,0.30,-0.05,-0.05,4.51,10.7,42.2,22.8,5.21,27.4,31.3,6.38,69.2,49.7,9.45,0.86,9.1,1.20,1.20,16.5,Matches,a111cf41
129,Paul Nardi,fr FRA,GK,Lorient,fr Ligue 1,27,1994,22.0,1.73,0.18,0.18,0.14,0.14,1.39,0.30,-0.20,-0.20,3.23,13.5,24.0,16.2,3.55,45.7,38.5,8.05,75.1,56.0,15.7,0.18,1.2,0.68,0.68,13.1,Matches,2d70dbe5
130,Keylor Navas,cr CRC,GK,Paris S-G,fr Ligue 1,34,1986,20.6,0.87,0.10,0.00,0.10,0.00,0.89,0.21,0.01,+0.01,1.12,2.82,39.7,20.1,4.85,11.3,24.5,6.41,8.3,22.2,11.6,0.24,2.1,0.97,0.97,16.3,Matches,ecada4fc
131,Neto,br BRA,GK,Barcelona,es La Liga,32,1989,3.0,1.33,0.00,0.33,0.33,0.00,1.37,0.29,0.03,+0.02,5.67,11.3,50.0,35.3,6.00,28.3,31.6,8.00,16.7,29.2,14.0,0.00,0.0,1.33,1.33,18.0,Matches,a9dc785c
132,Manuel Neuer,de GER,GK,Bayern Munich,de Bundesliga,35,1986,27.9,0.93,0.04,0.00,0.04,0.00,0.86,0.26,-0.08,-0.07,3.94,7.99,49.3,38.9,5.84,19.0,27.6,5.95,10.2,25.3,9.39,0.32,3.4,3.41,3.41,26.2,Matches,8778c910
133,Alexander Nübel,de GER,GK,Monaco,fr Ligue 1,24,1996,38.0,1.05,0.21,0.00,0.13,0.08,1.09,0.24,0.12,+0.12,4.21,10.9,38.6,22.1,4.55,31.9,32.5,7.37,52.5,42.5,11.2,0.61,5.4,1.21,1.21,17.2,Matches,afb0c500
134,Jan Oblak,si SVN,GK,Atlético Madrid,es La Liga,28,1993,38.0,1.13,0.18,0.05,0.11,0.08,0.85,0.23,-0.20,-0.20,4.47,15.7,28.4,21.3,4.08,49.9,39.0,7.45,68.6,48.6,12.6,0.71,5.7,0.76,0.76,13.8,Matches,ee8508c0
135,Oier Olazábal,es ESP,GK,Espanyol,es La Liga,31,1989,1.5,0.67,0.67,0.00,0.00,0.00,1.60,0.15,0.93,+0.91,6.00,18.0,33.3,22.0,3.33,51.5,40.8,6.67,100.0,57.2,20.0,2.00,10.0,0.00,0.00,3.7,Matches,b5bdf144
136,Robin Olsen,se SWE,GK,Aston Villa,eng Premier League,31,1990,1.0,3.00,0.00,0.00,0.00,0.00,2.20,0.44,-0.80,-0.78,8.00,25.0,32.0,26.0,7.00,46.2,38.3,20.0,65.0,48.6,28.0,5.00,17.9,0.00,0.00,5.8,Matches,e7ee38c3
137,Jonas Omlin,ch SUI,GK,Montpellier,fr Ligue 1,27,1994,28.7,1.43,0.10,0.00,0.03,0.03,1.54,0.26,0.15,+0.15,4.67,11.6,40.4,28.2,6.24,27.4,30.3,9.13,42.4,37.0,16.2,1.29,7.9,0.94,0.94,13.5,Matches,c631f952
138,Stefan Ortega,de GER,GK,Arminia,de Bundesliga,28,1992,33.0,1.61,0.21,0.03,0.18,0.06,1.69,0.28,0.15,+0.15,12.5,27.3,45.7,43.9,2.76,49.6,39.2,9.61,58.0,46.9,16.0,0.33,2.1,1.39,1.39,18.6,Matches,c1242d4e
139,David Ospina,co COL,GK,Napoli,it Serie A,32,1988,31.0,0.81,0.03,0.00,0.10,0.03,0.89,0.26,0.12,+0.12,2.35,6.23,37.8,27.2,4.00,20.7,28.6,4.35,14.1,22.5,11.4,0.58,5.1,1.00,1.00,17.0,Matches,82b1198a
140,Alexandre Oukidja,dz ALG,GK,Metz,fr Ligue 1,33,1988,20.8,1.88,0.14,0.05,0.10,0.10,1.43,0.30,-0.35,-0.35,6.30,16.1,39.1,20.7,6.59,48.0,39.7,8.03,76.6,54.9,15.3,1.88,12.2,2.02,2.02,14.8,Matches,ae7d0ecd
141,Jesús Owono,gq EQG,GK,Alavés,es La Liga,20,2001,1.0,1.00,0.00,0.00,0.00,0.00,0.80,0.19,-0.20,-0.25,9.00,21.0,42.9,20.0,2.00,90.0,53.3,3.00,100.0,68.3,8.00,0.00,0.0,2.00,2.00,17.6,Matches,d6e3d7fb
142,Fernando Pacheco,es ESP,GK,Alavés,es La Liga,29,1992,33.9,1.77,0.15,0.00,0.27,0.00,1.53,0.31,-0.24,-0.24,9.76,20.4,47.8,21.3,2.51,64.2,44.5,9.09,74.7,50.6,16.1,0.71,4.4,1.27,1.27,15.7,Matches,97852360
143,Daniele Padelli,it ITA,GK,Udinese,it Serie A,35,1985,3.0,2.67,0.00,0.00,0.00,0.00,2.33,0.33,-0.33,-0.34,4.00,14.0,28.6,29.7,6.33,34.8,29.6,7.33,50.0,40.9,18.7,0.33,1.8,0.67,0.67,13.2,Matches,cf1c23d8
144,Ivor Pandur,hr CRO,GK,Hellas Verona,it Serie A,21,2000,3.0,2.00,0.33,0.33,0.33,0.00,1.90,0.33,-0.10,-0.10,5.00,8.67,57.7,17.7,3.00,34.0,33.1,5.00,53.3,37.1,7.33,0.33,4.5,0.33,0.33,11.3,Matches,457cb02f
145,Rui Patrício,pt POR,GK,Roma,it Serie A,33,1988,38.0,1.13,0.13,0.05,0.13,0.05,1.11,0.25,0.03,+0.03,4.58,10.3,44.3,22.5,3.71,37.7,34.2,5.84,32.0,31.5,10.3,0.32,3.1,0.68,0.68,14.3,Matches,79b0d6a0
146,Gianluca Pegolo,it ITA,GK,Sassuolo,it Serie A,40,1981,1.0,3.00,0.00,0.00,1.00,0.00,1.80,0.37,-1.20,-1.17,2.00,5.00,40.0,26.0,4.00,15.4,26.7,8.00,12.5,19.8,8.00,1.00,12.5,0.00,0.00,6.0,Matches,f058ed1f
147,Philipp Pentke,de GER,GK,Hoffenheim,de Bundesliga,36,1985,1.0,3.00,0.00,0.00,0.00,0.00,1.70,0.24,-1.30,-1.34,5.00,13.0,38.5,32.0,5.00,34.4,28.5,7.00,28.6,30.1,10.0,1.00,10.0,0.00,0.00,11.3,Matches,c41f7379
148,Juan Pérez,es ESP,GK,Osasuna,es La Liga,25,1996,2.0,1.50,0.00,0.00,0.50,0.50,0.55,0.26,-0.45,-0.47,4.00,13.0,30.8,16.0,3.00,56.3,43.6,4.50,88.9,61.6,8.50,0.50,5.9,3.50,3.50,22.0,Matches,8f29e08b
149,Mattia Perin,it ITA,GK,Juventus,it Serie A,28,1992,4.5,1.56,0.00,0.00,0.22,0.22,1.20,0.35,-0.13,-0.14,2.89,7.56,38.2,24.0,3.78,25.9,29.6,5.78,23.1,29.2,17.1,0.22,1.3,0.89,0.89,12.6,Matches,4c62d0c8
150,Pavao Pervan,at AUT,GK,Wolfsburg,de Bundesliga,33,1987,6.0,2.33,0.17,0.17,0.33,0.17,1.88,0.27,-0.28,-0.29,3.00,9.67,31.0,26.3,5.17,31.0,31.8,8.17,18.4,26.4,16.2,0.33,2.1,1.17,1.17,13.6,Matches,c89e8aae
151,Danijel Petković,me MNE,GK,Angers,fr Ligue 1,28,1993,15.0,1.47,0.13,0.00,0.07,0.13,1.27,0.27,-0.07,-0.07,2.60,8.40,31.0,22.2,6.20,22.8,29.8,8.00,41.7,37.1,13.2,1.00,7.6,1.07,1.07,13.2,Matches,b98cea65
152,Jordan Pickford,eng ENG,GK,Everton,eng Premier League,27,1994,35.0,1.66,0.03,0.06,0.29,0.11,1.48,0.31,-0.07,-0.07,7.77,22.3,34.8,24.9,3.40,64.6,46.4,7.63,81.6,60.5,14.8,0.66,4.4,1.00,1.00,14.9,Matches,4806ec67
153,Carlo Pinsoglio,it ITA,GK,Juventus,it Serie A,31,1990,0.5,2.00,2.00,0.00,0.00,0.00,2.20,0.08,0.20,+0.29,2.00,2.00,100.0,20.0,0.00,10.0,29.6,2.00,0.0,37.0,24.0,0.00,0.0,0.00,0.00,,Matches,f6a06749
154,Julian Pollersbeck,de GER,GK,Lyon,fr Ligue 1,26,1994,4.8,1.25,0.83,0.00,0.21,0.00,1.56,0.14,0.31,+0.31,2.71,7.29,37.1,29.2,5.21,20.0,27.1,7.08,20.6,27.0,9.79,0.21,2.1,1.46,1.44,17.4,Matches,d6f6ce93
155,Nick Pope,eng ENG,GK,Burnley,eng Premier League,29,1992,36.0,1.31,0.14,0.03,0.17,0.03,1.23,0.25,-0.05,-0.05,8.86,22.4,39.5,22.0,4.08,69.2,46.2,7.86,91.2,61.2,16.8,1.28,7.6,2.22,2.22,17.4,Matches,4b40d9ca
156,Gaëtan Poussin,fr FRA,GK,Bordeaux,fr Ligue 1,22,1999,13.0,2.23,0.15,0.00,0.38,0.15,1.57,0.27,-0.51,-0.51,5.77,15.2,37.9,28.7,4.23,36.5,33.1,8.54,55.9,41.0,14.7,0.77,5.2,3.08,3.08,17.6,Matches,c252c705
157,Alejandro Primo,es ESP,GK,Levante,es La Liga,17,2004,1.0,1.00,0.00,0.00,0.00,0.00,0.80,0.41,-0.20,-0.18,2.00,6.00,33.3,17.0,0.00,29.4,31.2,8.00,12.5,20.9,19.0,0.00,0.0,0.00,0.00,15.0,Matches,f38284bb
158,Ivan Provedel,it ITA,GK,Spezia,it Serie A,27,1994,30.7,1.69,0.29,0.10,0.13,0.10,1.55,0.24,-0.05,-0.04,6.71,20.1,33.4,31.2,4.33,47.8,40.1,7.46,69.4,51.7,15.5,0.91,5.9,0.81,0.81,11.8,Matches,277da414
159,Ionuț Radu,ro ROU,GK,Inter,it Serie A,24,1997,1.0,2.00,0.00,0.00,0.00,0.00,1.60,0.53,-0.40,-0.41,4.00,8.00,50.0,19.0,2.00,36.8,33.3,4.00,25.0,29.8,4.00,0.00,0.0,1.00,1.00,16.0,Matches,67f649be
160,Boris Radunović,rs SRB,GK,Cagliari,it Serie A,25,1996,3.0,1.67,0.33,0.33,0.00,0.00,2.13,0.26,0.47,+0.46,7.33,20.7,35.5,24.0,3.33,54.2,41.5,9.33,82.1,51.1,14.0,0.33,2.4,0.33,0.33,13.8,Matches,0dfce079
161,Predrag Rajković,rs SRB,GK,Reims,fr Ligue 1,25,1995,38.0,1.16,0.13,0.05,0.21,0.00,1.13,0.24,-0.03,-0.03,3.97,12.6,31.5,25.7,5.71,35.5,34.7,7.50,46.7,38.8,16.9,0.97,5.7,1.39,1.39,14.8,Matches,58ad9383
162,Diant Ramaj,de GER,GK,Eint Frankfurt,de Bundesliga,19,2001,1.0,1.00,0.00,0.00,0.00,0.00,1.00,0.25,0.00,-0.01,4.00,14.0,28.6,37.0,6.00,32.4,31.6,4.00,50.0,40.0,24.0,3.00,12.5,3.00,3.00,14.8,Matches,b90c4a43
163,Aaron Ramsdale,eng ENG,GK,Arsenal,eng Premier League,23,1998,34.0,1.15,0.15,0.00,0.09,0.03,1.12,0.26,0.01,0.00,3.94,14.1,27.9,29.2,4.76,34.8,33.2,5.32,74.0,55.1,12.2,0.76,6.3,1.76,1.76,16.4,Matches,466fb2c5
164,Nicola Ravaglia,it ITA,GK,Sampdoria,it Serie A,32,1988,0.1,10.0,10.0,0.00,0.00,0.00,10.0,0.00,0.00,-0.25,20.0,40.0,50.0,20.0,0.00,100.0,57.0,20.0,100.0,65.5,10.0,0.00,0.0,0.00,0.00,,Matches,d7a35008
165,David Raya,es ESP,GK,Brentford,eng Premier League,25,1995,24.0,1.13,0.17,0.04,0.13,0.00,1.09,0.22,-0.03,-0.03,9.38,22.0,42.7,36.5,4.92,44.4,36.2,8.42,68.3,49.9,16.8,1.13,6.7,1.46,1.46,15.8,Matches,98ea5115
166,Manolo Reina,es ESP,GK,Mallorca,es La Liga,36,1985,21.0,1.24,0.10,0.00,0.05,0.05,1.30,0.32,0.10,+0.11,6.67,17.0,39.2,21.6,3.19,53.9,40.5,8.95,60.1,43.9,15.9,0.67,4.2,0.43,0.43,11.6,Matches,605eb473
167,Pepe Reina,es ESP,GK,Lazio,it Serie A,38,1982,15.0,1.93,0.27,0.00,0.13,0.00,1.58,0.33,-0.35,-0.36,4.40,8.87,49.6,28.6,4.87,24.2,29.8,6.60,29.3,30.1,12.4,0.67,5.4,0.67,0.67,13.7,Matches,e358587b
168,Álex Remiro,es ESP,GK,Real Sociedad,es La Liga,26,1995,35.0,0.91,0.11,0.03,0.14,0.00,0.90,0.24,-0.02,-0.02,5.57,13.3,41.8,29.0,3.57,32.6,32.9,6.89,56.0,45.1,13.3,0.51,3.9,1.37,1.37,16.4,Matches,374ee424
169,Sergio Rico,es ESP,GK,Mallorca,es La Liga,27,1993,14.0,2.07,0.21,0.00,0.29,0.14,1.53,0.31,-0.40,-0.40,6.71,14.4,46.8,19.3,3.57,52.2,39.4,6.43,66.7,48.4,13.9,0.14,1.0,0.36,0.36,12.6,Matches,5f0241b2
170,Sergio Rico,es ESP,GK,Paris S-G,fr Ligue 1,27,1993,0.3,3.33,0.00,0.00,0.00,0.00,0.67,0.06,-2.67,-3.23,0.00,3.33,0.0,23.3,3.33,14.3,31.4,0.00,,,16.7,0.00,0.0,6.67,7.83,23.5,Matches,5f0241b2
171,Manuel Riemann,de GER,GK,Bochum,de Bundesliga,32,1988,31.0,1.45,0.10,0.03,0.13,0.13,1.36,0.26,0.04,+0.04,15.5,33.5,46.1,45.1,3.29,62.4,43.8,7.94,67.9,48.5,13.5,0.87,6.5,2.32,2.32,19.6,Matches,9f941969
172,Leonardo Román,es ESP,GK,Mallorca,es La Liga,21,2000,2.0,2.50,0.50,0.00,0.00,0.50,1.80,0.17,-0.20,-0.18,4.50,13.5,33.3,25.5,3.50,39.2,34.2,8.00,43.8,36.6,18.0,0.50,2.8,2.50,2.50,18.9,Matches,924ff27e
173,Sergio Romero,ar ARG,GK,Venezia,it Serie A,34,1987,16.0,2.06,0.38,0.00,0.06,0.13,1.91,0.24,-0.03,-0.03,5.63,14.8,38.1,27.7,6.25,38.6,34.6,8.88,45.8,38.8,16.6,0.88,5.3,0.69,0.69,11.8,Matches,1e26e376
174,Francesco Rossi,it ITA,GK,Atalanta,it Serie A,30,1991,0.4,2.50,0.00,0.00,0.00,0.00,2.50,0.52,0.00,+0.11,5.00,15.0,33.3,30.0,0.00,41.7,37.8,10.0,25.0,39.3,7.50,0.00,0.0,0.00,0.00,18.0,Matches,7b5f516f
175,John Ruddy,eng ENG,GK,Wolves,eng Premier League,34,1986,1.5,2.00,0.00,0.00,0.67,0.00,1.93,0.42,-0.07,-0.05,0.67,7.33,9.1,12.7,2.67,42.1,36.1,9.33,21.4,28.5,8.67,0.67,7.7,0.67,0.67,14.2,Matches,da8b19e2
176,Gerónimo Rulli,ar ARG,GK,Villarreal,es La Liga,29,1992,32.0,0.88,0.09,0.00,0.06,0.03,0.88,0.25,0.04,+0.04,4.28,10.7,40.2,33.5,5.03,23.9,30.0,6.69,39.7,37.5,14.9,0.69,4.6,1.63,1.63,16.6,Matches,625c144a
177,Mathew Ryan,au AUS,GK,Real Sociedad,es La Liga,29,1992,3.0,1.67,0.33,0.00,1.00,0.00,1.37,0.21,-0.30,-0.31,5.33,18.3,29.1,29.3,4.67,47.7,39.4,6.33,68.4,46.6,19.0,1.00,5.3,1.00,1.00,13.7,Matches,4535e4bb
178,Frederik Rønnow,dk DEN,GK,Union Berlin,de Bundesliga,28,1992,7.0,0.71,0.00,0.00,0.00,0.14,0.49,0.19,-0.09,-0.09,6.14,17.4,35.2,30.4,4.00,45.1,36.3,6.14,60.5,45.2,11.9,1.57,13.3,0.43,0.43,10.2,Matches,a70b8345
179,José Sá,pt POR,GK,Wolves,eng Premier League,28,1993,36.5,1.10,0.25,0.03,0.03,0.03,1.27,0.24,0.20,+0.20,3.32,11.3,29.4,23.1,5.92,35.4,34.7,7.15,43.3,36.9,15.0,1.18,7.8,1.10,1.10,13.3,Matches,903b6e8b
180,Romain Salin,fr FRA,GK,Rennes,fr Ligue 1,37,1984,1.0,2.00,0.00,0.00,0.00,0.00,1.50,0.49,-0.50,-0.53,4.00,7.00,57.1,30.0,8.00,23.3,31.2,3.00,0.0,14.3,11.0,0.00,0.0,1.00,1.00,21.5,Matches,74733221
181,Robert Sánchez,es ESP,GK,Brighton,eng Premier League,23,1997,37.0,1.14,0.08,0.03,0.14,0.00,1.11,0.28,-0.03,-0.03,4.27,15.2,28.2,34.7,5.03,31.9,33.0,6.32,64.5,48.9,14.0,1.62,11.6,0.97,0.97,12.9,Matches,6a713852
182,Giacomo Satalino,it ITA,GK,Sassuolo,it Serie A,22,1999,0.1,0.00,0.00,0.00,0.00,0.00,8.00,0.76,8.00,+7.56,0.00,0.00,,0.00,0.00,,,10.0,0.0,22.0,10.0,0.00,0.0,0.00,0.00,,Matches,b1f0b916
183,Kasper Schmeichel,dk DEN,GK,Leicester City,eng Premier League,34,1986,37.0,1.57,0.19,0.03,0.38,0.03,1.50,0.26,-0.04,-0.04,5.24,13.1,39.9,27.0,4.49,36.0,34.1,7.86,43.3,37.5,14.4,0.41,2.8,1.03,1.03,14.8,Matches,53af52f3
184,Marvin Schwäbe,de GER,GK,Köln,de Bundesliga,26,1995,21.0,1.33,0.00,0.10,0.14,0.05,1.50,0.31,0.21,+0.21,5.10,12.0,42.6,40.7,4.19,23.5,28.8,6.86,34.7,35.2,13.5,0.43,3.2,0.71,0.71,13.6,Matches,87436846
185,Alexander Schwolow,de GER,GK,Hertha BSC,de Bundesliga,29,1992,24.2,2.11,0.21,0.04,0.25,0.00,1.74,0.31,-0.36,-0.36,5.21,13.8,37.8,25.7,5.17,32.9,33.0,8.43,63.2,48.2,16.7,0.70,4.2,1.32,1.32,15.0,Matches,0d55d942
186,Matz Sels,be BEL,GK,Strasbourg,fr Ligue 1,29,1992,37.0,1.16,0.11,0.00,0.14,0.03,0.95,0.24,-0.19,-0.19,4.43,10.8,40.9,19.4,3.92,39.1,34.3,6.46,50.2,40.6,12.9,0.35,2.7,1.05,1.05,13.7,Matches,834b5c4c
187,Adrian Šemper,hr CRO,GK,Genoa,it Serie A,23,1998,1.0,1.00,0.00,0.00,0.00,0.00,0.90,0.28,-0.10,-0.06,6.00,21.0,28.6,30.0,3.00,50.0,38.5,7.00,85.7,52.0,14.0,2.00,14.3,0.00,0.00,11.2,Matches,f02dde20
188,Luigi Sepe,it ITA,GK,Salernitana,it Serie A,30,1991,15.5,1.55,0.19,0.00,0.06,0.00,1.59,0.28,0.04,+0.04,10.7,20.6,51.9,27.9,2.90,54.7,40.8,8.39,63.8,46.4,15.2,0.65,4.3,0.84,0.84,16.0,Matches,343f753a
189,Rui Silva,pt POR,GK,Betis,es La Liga,27,1994,21.8,0.96,0.09,0.00,0.09,0.00,0.94,0.24,-0.02,-0.02,4.22,12.6,33.5,25.6,4.77,33.8,33.1,8.07,49.4,41.6,15.6,0.83,5.3,1.47,1.47,15.7,Matches,ea83bfa6
190,Marco Silvestri,it ITA,GK,Udinese,it Serie A,30,1991,35.0,1.43,0.14,0.00,0.11,0.03,1.30,0.29,-0.10,-0.10,4.77,12.3,38.8,19.3,3.03,46.1,36.7,7.20,46.8,38.4,13.2,0.46,3.5,0.29,0.29,11.0,Matches,0d422df7
191,Unai Simón,es ESP,GK,Athletic Club,es La Liga,24,1997,34.0,0.91,0.09,0.00,0.06,0.03,0.94,0.26,0.06,+0.06,4.26,10.9,39.1,20.4,5.56,35.5,33.8,7.15,51.4,42.3,15.6,0.85,5.5,1.03,1.03,15.2,Matches,5dcf3e90
192,Tobias Sippel,de GER,GK,M'Gladbach,de Bundesliga,33,1988,1.0,1.00,0.00,0.00,0.00,0.00,0.40,0.12,-0.60,-0.64,6.00,13.0,46.2,41.0,4.00,24.4,29.5,6.00,50.0,51.8,18.0,0.00,0.0,0.00,0.00,8.0,Matches,0d8a37c2
193,Salvatore Sirigu,it ITA,GK,Genoa,it Serie A,34,1987,37.0,1.59,0.11,0.08,0.19,0.05,1.37,0.26,-0.17,-0.17,6.95,16.4,42.5,24.8,2.70,46.3,36.6,7.11,68.8,45.9,12.9,0.38,2.9,0.54,0.54,12.9,Matches,10dc46f0
194,Antonio Sivera,es ESP,GK,Alavés,es La Liga,24,1996,3.1,1.29,0.32,0.00,0.32,0.00,1.90,0.31,0.61,+0.62,9.35,22.3,42.0,21.6,2.90,61.2,44.9,12.9,70.0,51.5,21.3,0.65,3.0,0.97,0.97,14.6,Matches,9970da54
195,Łukasz Skorupski,pl POL,GK,Bologna,it Serie A,30,1991,36.0,1.47,0.22,0.03,0.08,0.06,1.48,0.26,0.06,+0.06,5.36,12.8,42.0,26.6,4.56,39.1,34.0,8.17,28.9,26.6,13.8,0.75,5.4,0.39,0.39,11.3,Matches,ab4449d6
196,Yann Sommer,ch SUI,GK,M'Gladbach,de Bundesliga,32,1988,33.0,1.82,0.09,0.03,0.15,0.00,1.75,0.30,-0.06,-0.06,4.48,13.7,32.7,37.5,5.06,29.1,31.3,6.79,40.6,37.6,13.6,0.58,4.2,1.64,1.64,16.3,Matches,420c18a1
197,David Soria,es ESP,GK,Getafe,es La Liga,28,1993,37.9,1.08,0.05,0.00,0.13,0.03,1.08,0.29,0.02,+0.02,9.71,22.8,42.5,23.4,2.66,69.7,46.7,7.70,84.6,54.1,15.1,0.66,4.4,1.19,1.19,15.1,Matches,8f8c6934
198,Marco Sportiello,it ITA,GK,Atalanta,it Serie A,29,1992,5.0,1.00,0.40,0.00,0.20,0.00,1.12,0.20,0.12,+0.12,1.60,6.60,24.2,21.4,6.60,14.0,26.0,5.60,64.3,47.0,9.00,0.20,2.2,0.80,0.80,13.9,Matches,ac4003af
199,Jason Steele,eng ENG,GK,Brighton,eng Premier League,30,1990,1.0,2.00,0.00,0.00,1.00,0.00,1.60,0.33,-0.40,-0.37,2.00,6.00,33.3,32.0,2.00,9.4,23.9,6.00,50.0,40.0,16.0,0.00,0.0,0.00,0.00,9.3,Matches,28300a16
200,Jed Steer,eng ENG,GK,Aston Villa,eng Premier League,28,1992,1.0,3.00,0.00,0.00,0.00,0.00,2.20,0.55,-0.80,-0.81,3.00,11.0,27.3,32.0,7.00,28.1,30.4,6.00,33.3,31.2,11.0,1.00,9.1,1.00,1.00,16.3,Matches,a8a3d139
201,Zack Steffen,us USA,GK,Manchester City,eng Premier League,26,1995,1.0,0.00,0.00,0.00,0.00,0.00,0.10,0.07,0.10,+0.15,1.00,6.00,16.7,32.0,6.00,15.6,23.4,7.00,14.3,19.3,10.0,0.00,0.0,3.00,3.00,16.6,Matches,42130443
202,Thomas Strakosha,al ALB,GK,Lazio,it Serie A,26,1995,23.0,1.26,0.04,0.04,0.13,0.04,1.24,0.32,0.03,+0.03,3.43,7.00,49.1,26.9,4.00,22.2,28.5,5.17,20.2,23.6,12.3,0.48,3.9,0.70,0.70,14.5,Matches,339fe0e8
203,Wojciech Szczęsny,pl POL,GK,Juventus,it Serie A,31,1990,33.0,0.88,0.09,0.06,0.15,0.00,0.93,0.24,0.05,+0.05,3.76,8.27,45.4,25.3,4.82,26.6,30.8,5.21,29.7,31.5,14.6,0.73,5.0,0.76,0.76,13.5,Matches,01b8a2b2
204,Ciprian Tătărușanu,ro ROU,GK,Milan,it Serie A,35,1986,6.0,1.67,0.33,0.00,0.17,0.17,1.48,0.25,-0.02,-0.02,5.50,12.3,44.6,28.0,2.33,36.3,33.3,6.00,36.1,35.0,13.7,1.00,7.3,0.50,0.50,12.5,Matches,b056e3da
205,Marc-André ter Stegen,de GER,GK,Barcelona,es La Liga,29,1992,35.0,0.97,0.06,0.00,0.17,0.00,0.86,0.26,-0.11,-0.11,3.71,7.29,51.0,30.6,4.20,17.6,26.9,5.86,32.2,33.9,9.77,0.43,4.4,0.97,0.97,15.3,Matches,6f51e382
206,Pietro Terracciano,it ITA,GK,Fiorentina,it Serie A,31,1990,31.8,1.35,0.06,0.00,0.06,0.06,0.99,0.29,-0.30,-0.29,6.19,14.6,42.5,42.6,4.43,29.8,32.2,5.35,35.3,33.7,9.15,0.69,7.6,1.60,1.60,16.7,Matches,e1b0a70d
207,Kevin Trapp,de GER,GK,Eint Frankfurt,de Bundesliga,31,1990,32.0,1.44,0.13,0.00,0.09,0.03,1.59,0.30,0.18,+0.18,4.91,16.8,29.1,31.3,4.56,41.8,34.6,7.81,48.4,42.6,13.3,0.59,4.5,1.34,1.34,16.4,Matches,ce17b5eb
208,Philipp Tschauner,de GER,GK,RB Leipzig,de Bundesliga,35,1985,0.0,0,0,0,0,0,0.0,,0.0,0.00,1,2,50.0,5,0,40.0,36.4,0,,,0,0,,0,0.00,,Matches,73e2f6eb
209,Sven Ulreich,de GER,GK,Bayern Munich,de Bundesliga,32,1988,6.0,1.83,0.17,0.17,0.17,0.17,1.45,0.34,-0.22,-0.22,1.67,5.33,31.3,32.8,5.17,14.2,25.2,6.33,10.5,20.2,9.00,0.50,5.6,1.67,1.67,19.2,Matches,7d3e7da6
210,Benjamin Uphoff,de GER,GK,Freiburg,de Bundesliga,27,1993,2.0,3.50,0.00,0.00,1.00,0.00,1.50,0.25,-2.00,-2.01,11.0,25.5,43.1,35.0,7.00,44.3,34.4,10.0,100.0,63.2,17.0,2.00,11.8,0.50,0.50,6.3,Matches,a9a6fc08
211,Rúben Vezo,pt POR,DF,Levante,es La Liga,27,1994,26.9,0.00,0.00,0.00,0.00,0.00,0.00,,0.00,0.00,0.07,0.15,50.0,0.11,0.00,100.0,57.0,0.04,100.0,65.0,0.15,0.00,0.0,0.00,0.00,,Matches,c67cd65c
212,Guglielmo Vicario,it ITA,GK,Empoli,it Serie A,24,1996,38.0,1.84,0.13,0.03,0.13,0.16,1.72,0.28,0.03,+0.03,3.50,10.2,34.5,28.1,5.66,26.2,29.5,6.76,41.6,37.5,15.8,0.92,5.8,1.00,1.00,13.9,Matches,77d6fd4d
213,Danny Ward,wls WAL,GK,Leicester City,eng Premier League,28,1993,1.0,1.00,0.00,0.00,1.00,0.00,1.40,0.28,0.40,+0.42,2.00,5.00,40.0,26.0,8.00,19.2,25.8,7.00,0.0,19.3,18.0,1.00,5.6,1.00,1.00,10.7,Matches,d3ce0e89
214,Freddie Woodman,eng ENG,GK,Newcastle Utd,eng Premier League,24,1997,4.0,3.00,0.50,0.00,0.00,0.00,2.20,0.29,-0.80,-0.80,5.75,16.5,34.8,19.8,2.75,50.6,38.1,9.75,66.7,47.9,13.8,0.75,5.5,0.00,0.00,7.8,Matches,19e50035
215,Robin Zentner,de GER,GK,Mainz 05,de Bundesliga,26,1994,32.0,1.31,0.13,0.00,0.13,0.03,1.22,0.29,-0.06,-0.06,3.72,12.2,30.6,23.9,5.19,36.9,34.4,7.38,44.9,39.4,13.2,0.91,6.9,2.13,2.13,17.9,Matches,5c4bf6ba
216,Luca Zidane,fr FRA,GK,Rayo Vallecano,es La Liga,23,1998,7.2,1.81,0.00,0.00,0.14,0.00,1.67,0.33,-0.14,-0.14,5.83,13.1,44.7,24.7,5.83,36.0,34.6,7.36,56.6,46.6,12.5,1.25,10.0,0.83,0.84,11.0,Matches,c818c4d9
217,Jeroen Zoet,nl NED,GK,Spezia,it Serie A,30,1991,7.0,2.71,0.14,0.00,0.43,0.00,1.87,0.26,-0.84,-0.84,2.86,9.86,29.0,26.0,5.86,26.9,30.7,7.71,37.0,37.4,13.6,0.29,2.1,0.86,0.86,16.4,Matches,cc1a0c57
218,Petar Zovko,ba BIH,GK,Spezia,it Serie A,19,2002,0.3,0.00,0.00,0.00,0.00,0.00,0.00,,0.00,0.00,3.33,13.3,25.0,26.7,10.0,37.5,35.9,6.67,50.0,35.0,13.3,0.00,0.0,6.67,6.21,28.5,Matches,54f6afe3